{
  "document": {
    "@pageCount": "1",
    "@pageCountWithOCRPerformed": "0",
    "page": {
      "@index": "0",
      "@width": "595.320007",
      "@height": "841.919982910156",
      "@OCRWasPerformed": "False",
      "row": [
        {
          "column": [
            {
              "text": ""
            },
            {
              "text": ""
            },
            {
              "text": ""
            },
            {
              "text": ""
            },
            {
              "text": ""
            },
            {
              "text": {
                "@fontName": "Times",
                "@fontSize": "11.0",
                "@x": "426.36",
                "@y": "79.08",
                "@width": "52.94",
                "@height": "11.04",
                "#text": "Расстояние"
              }
            },
            {
              "text": {
                "@fontName": "Times",
                "@fontSize": "11.0",
                "@x": "498.48",
                "@y": "79.08",
                "@width": "40.20",
                "@height": "11.04",
                "#text": "Среднее"
              }
            }
          ]
        },
        {
          "column": [
            {
              "text": ""
            },
            {
              "text": {
                "@fontName": "Times",
                "@fontSize": "11.0",
                "@x": "136.92",
                "@y": "92.52",
                "@width": "26.76",
                "@height": "11.04",
                "#text": "Точка"
              }
            },
            {
              "text": ""
            },
            {
              "text": {
                "@fontName": "Times",
                "@fontSize": "11.0",
                "@x": "276.60",
                "@y": "92.52",
                "@width": "62.65",
                "@height": "11.04",
                "#text": "Разрешенная"
              }
            },
            {
              "text": {
                "@fontName": "Times",
                "@fontSize": "11.0",
                "@x": "352.32",
                "@y": "92.52",
                "@width": "62.39",
                "@height": "11.04",
                "#text": "Направления"
              }
            },
            {
              "text": {
                "@fontName": "Times",
                "@fontSize": "11.0",
                "@x": "443.16",
                "@y": "92.52",
                "@width": "19.20",
                "@height": "11.04",
                "#text": "(км)"
              }
            },
            {
              "text": {
                "@fontName": "Times",
                "@fontSize": "11.0",
                "@x": "496.92",
                "@y": "92.52",
                "@width": "43.30",
                "@height": "11.04",
                "#text": "время по"
              }
            }
          ]
        },
        {
          "column": [
            {
              "text": {
                "@fontName": "Times",
                "@fontSize": "11.0",
                "@x": "64.20",
                "@y": "99.24",
                "@width": "43.47",
                "@height": "11.04",
                "#text": "Маршрут"
              }
            },
            {
              "text": ""
            },
            {
              "text": {
                "@fontName": "Times",
                "@fontSize": "11.0",
                "@x": "198.48",
                "@y": "99.24",
                "@width": "58.20",
                "@height": "11.04",
                "#text": "Координаты"
              }
            },
            {
              "text": ""
            },
            {
              "text": ""
            },
            {
              "text": ""
            },
            {
              "text": ""
            }
          ]
        },
        {
          "column": [
            {
              "text": ""
            },
            {
              "text": {
                "@fontName": "Times",
                "@fontSize": "11.0",
                "@x": "126.96",
                "@y": "105.96",
                "@width": "46.80",
                "@height": "11.04",
                "#text": "маршрута"
              }
            },
            {
              "text": ""
            },
            {
              "text": {
                "@fontName": "Times",
                "@fontSize": "11.0",
                "@x": "283.32",
                "@y": "105.96",
                "@width": "49.21",
                "@height": "11.04",
                "#text": "высота (м)"
              }
            },
            {
              "text": {
                "@fontName": "Times",
                "@fontSize": "11.0",
                "@x": "359.88",
                "@y": "105.96",
                "@width": "47.39",
                "@height": "11.04",
                "#text": "движения"
              }
            },
            {
              "text": ""
            },
            {
              "text": {
                "@fontName": "Times",
                "@fontSize": "11.0",
                "@x": "490.08",
                "@y": "105.96",
                "@width": "57.12",
                "@height": "11.04",
                "#text": "расписанию"
              }
            }
          ]
        },
        {
          "column": [
            {
              "text": ""
            },
            {
              "text": ""
            },
            {
              "text": ""
            },
            {
              "text": ""
            },
            {
              "text": ""
            },
            {
              "text": ""
            },
            {
              "text": {
                "@fontName": "Times",
                "@fontSize": "11.0",
                "@x": "507.72",
                "@y": "119.40",
                "@width": "21.72",
                "@height": "11.04",
                "#text": "(час)"
              }
            }
          ]
        },
        {
          "column": [
            {
              "text": {
                "@fontName": "Times",
                "@fontSize": "11.0",
                "@x": "62.04",
                "@y": "133.32",
                "@width": "20.16",
                "@height": "11.04",
                "#text": "АAQ"
              }
            },
            {
              "text": {
                "@fontName": "Times",
                "@fontSize": "11.0",
                "@x": "120.72",
                "@y": "133.32",
                "@width": "28.56",
                "@height": "11.04",
                "#text": "Анапа"
              }
            },
            {
              "text": {
                "@fontName": "Arial",
                "@fontSize": "12.0",
                "@color": "#006300",
                "@x": "190.80",
                "@y": "133.20",
                "@width": "73.43",
                "@height": "11.52",
                "#text": "44°53'37.81\"N"
              }
            },
            {
              "text": {
                "@fontName": "Times",
                "@fontSize": "11.0",
                "@x": "275.04",
                "@y": "133.32",
                "@width": "16.68",
                "@height": "11.04",
                "#text": "500"
              }
            },
            {
              "text": {
                "@fontName": "Times",
                "@fontSize": "11.0",
                "@x": "351.60",
                "@y": "133.32",
                "@width": "11.76",
                "@height": "11.04",
                "#text": "юг"
              }
            },
            {
              "text": {
                "@fontName": "Times",
                "@fontSize": "11.0",
                "@x": "426.36",
                "@y": "133.32",
                "@width": "22.32",
                "@height": "11.04",
                "#text": "1400"
              }
            },
            {
              "text": {
                "@fontName": "Times",
                "@fontSize": "11.0",
                "@x": "490.08",
                "@y": "133.32",
                "@width": "19.68",
                "@height": "11.04",
                "#text": "2:21"
              }
            }
          ]
        },
        {
          "column": [
            {
              "text": ""
            },
            {
              "text": ""
            },
            {
              "text": {
                "@fontName": "Arial",
                "@fontSize": "12.0",
                "@color": "#006300",
                "@x": "190.80",
                "@y": "146.40",
                "@width": "72.85",
                "@height": "11.52",
                "#text": "37°18'54.49\"E"
              }
            },
            {
              "text": ""
            },
            {
              "text": ""
            },
            {
              "text": ""
            },
            {
              "text": ""
            }
          ]
        },
        {
          "column": [
            {
              "text": {
                "@fontName": "Times",
                "@fontSize": "11.0",
                "@x": "62.04",
                "@y": "160.20",
                "@width": "18.72",
                "@height": "11.04",
                "#text": "АВА"
              }
            },
            {
              "text": {
                "@fontName": "Times",
                "@fontSize": "11.0",
                "@x": "120.72",
                "@y": "160.20",
                "@width": "33.72",
                "@height": "11.04",
                "#text": "Абакан"
              }
            },
            {
              "text": {
                "@fontName": "Arial",
                "@fontSize": "12.0",
                "@color": "#006300",
                "@x": "190.80",
                "@y": "160.08",
                "@width": "73.43",
                "@height": "11.52",
                "#text": "53°44'24.11\"N"
              }
            },
            {
              "text": {
                "@fontName": "Times",
                "@fontSize": "11.0",
                "@x": "275.04",
                "@y": "160.20",
                "@width": "22.32",
                "@height": "11.04",
                "#text": "1000"
              }
            },
            {
              "text": {
                "@fontName": "Times",
                "@fontSize": "11.0",
                "@x": "351.60",
                "@y": "160.20",
                "@width": "30.84",
                "@height": "11.04",
                "#text": "восток"
              }
            },
            {
              "text": {
                "@fontName": "Times",
                "@fontSize": "11.0",
                "@x": "426.36",
                "@y": "160.20",
                "@width": "22.32",
                "@height": "11.04",
                "#text": "3560"
              }
            },
            {
              "text": {
                "@fontName": "Times",
                "@fontSize": "11.0",
                "@x": "490.08",
                "@y": "160.20",
                "@width": "19.68",
                "@height": "11.04",
                "#text": "4:59"
              }
            }
          ]
        },
        {
          "column": [
            {
              "text": ""
            },
            {
              "text": ""
            },
            {
              "text": {
                "@fontName": "Arial",
                "@fontSize": "12.0",
                "@color": "#006300",
                "@x": "190.80",
                "@y": "173.40",
                "@width": "72.85",
                "@height": "11.52",
                "#text": "91°26'33.77\"E"
              }
            },
            {
              "text": ""
            },
            {
              "text": ""
            },
            {
              "text": ""
            },
            {
              "text": ""
            }
          ]
        },
        {
          "column": [
            {
              "text": {
                "@fontName": "Times",
                "@fontSize": "11.0",
                "@x": "62.04",
                "@y": "187.20",
                "@width": "17.76",
                "@height": "11.04",
                "#text": "AER"
              }
            },
            {
              "text": {
                "@fontName": "Times",
                "@fontSize": "11.0",
                "@x": "120.72",
                "@y": "187.20",
                "@width": "29.40",
                "@height": "11.04",
                "#text": "Адлер"
              }
            },
            {
              "text": {
                "@fontName": "Arial",
                "@fontSize": "12.0",
                "@color": "#006300",
                "@x": "190.80",
                "@y": "187.08",
                "@width": "73.43",
                "@height": "11.52",
                "#text": "43°26'29.51\"N"
              }
            },
            {
              "text": {
                "@fontName": "Times",
                "@fontSize": "11.0",
                "@x": "275.04",
                "@y": "187.20",
                "@width": "16.68",
                "@height": "11.04",
                "#text": "500"
              }
            },
            {
              "text": {
                "@fontName": "Times",
                "@fontSize": "11.0",
                "@x": "351.60",
                "@y": "187.20",
                "@width": "11.76",
                "@height": "11.04",
                "#text": "юг"
              }
            },
            {
              "text": {
                "@fontName": "Times",
                "@fontSize": "11.0",
                "@x": "426.36",
                "@y": "187.20",
                "@width": "22.32",
                "@height": "11.04",
                "#text": "1670"
              }
            },
            {
              "text": {
                "@fontName": "Times",
                "@fontSize": "11.0",
                "@x": "490.08",
                "@y": "187.20",
                "@width": "19.80",
                "@height": "11.04",
                "#text": "2:36"
              }
            }
          ]
        },
        {
          "column": [
            {
              "text": ""
            },
            {
              "text": {
                "@fontName": "Times",
                "@fontSize": "11.0",
                "@x": "120.72",
                "@y": "200.64",
                "@width": "29.40",
                "@height": "11.04",
                "#text": "(Сочи)"
              }
            },
            {
              "text": {
                "@fontName": "Arial",
                "@fontSize": "12.0",
                "@color": "#006300",
                "@x": "190.80",
                "@y": "200.28",
                "@width": "72.85",
                "@height": "11.52",
                "#text": "39°55'55.41\"E"
              }
            },
            {
              "text": ""
            },
            {
              "text": ""
            },
            {
              "text": ""
            },
            {
              "text": ""
            }
          ]
        },
        {
          "column": [
            {
              "text": {
                "@fontName": "Times",
                "@fontSize": "11.0",
                "@x": "62.04",
                "@y": "214.56",
                "@width": "19.20",
                "@height": "11.04",
                "#text": "ARH"
              }
            },
            {
              "text": {
                "@fontName": "Times",
                "@fontSize": "11.0",
                "@x": "120.72",
                "@y": "214.56",
                "@width": "57.84",
                "@height": "11.04",
                "#text": "Архангельск"
              }
            },
            {
              "text": {
                "@fontName": "Arial",
                "@fontSize": "12.0",
                "@color": "#006300",
                "@x": "190.80",
                "@y": "214.44",
                "@width": "73.43",
                "@height": "11.52",
                "#text": "64°34'55.94\"N"
              }
            },
            {
              "text": {
                "@fontName": "Times",
                "@fontSize": "11.0",
                "@x": "275.04",
                "@y": "214.56",
                "@width": "16.68",
                "@height": "11.04",
                "#text": "500"
              }
            },
            {
              "text": {
                "@fontName": "Times",
                "@fontSize": "11.0",
                "@x": "351.60",
                "@y": "214.56",
                "@width": "26.64",
                "@height": "11.04",
                "#text": "север"
              }
            },
            {
              "text": {
                "@fontName": "Times",
                "@fontSize": "11.0",
                "@x": "426.36",
                "@y": "214.56",
                "@width": "22.32",
                "@height": "11.04",
                "#text": "1095"
              }
            },
            {
              "text": {
                "@fontName": "Times",
                "@fontSize": "11.0",
                "@x": "490.08",
                "@y": "214.56",
                "@width": "19.68",
                "@height": "11.04",
                "#text": "2:01"
              }
            }
          ]
        },
        {
          "column": [
            {
              "text": ""
            },
            {
              "text": ""
            },
            {
              "text": {
                "@fontName": "Arial",
                "@fontSize": "12.0",
                "@color": "#006300",
                "@x": "190.80",
                "@y": "227.64",
                "@width": "72.85",
                "@height": "11.52",
                "#text": "40°31'34.00\"E"
              }
            },
            {
              "text": ""
            },
            {
              "text": ""
            },
            {
              "text": ""
            },
            {
              "text": ""
            }
          ]
        },
        {
          "column": [
            {
              "text": {
                "@fontName": "Times",
                "@fontSize": "11.0",
                "@x": "62.04",
                "@y": "241.44",
                "@width": "16.44",
                "@height": "11.04",
                "#text": "ASF"
              }
            },
            {
              "text": {
                "@fontName": "Times",
                "@fontSize": "11.0",
                "@x": "120.72",
                "@y": "241.44",
                "@width": "47.40",
                "@height": "11.04",
                "#text": "Астрахань"
              }
            },
            {
              "text": {
                "@fontName": "Arial",
                "@fontSize": "12.0",
                "@color": "#006300",
                "@x": "190.80",
                "@y": "241.44",
                "@width": "73.43",
                "@height": "11.52",
                "#text": "46°21'48.01\"N"
              }
            },
            {
              "text": {
                "@fontName": "Times",
                "@fontSize": "11.0",
                "@x": "275.04",
                "@y": "241.44",
                "@width": "22.32",
                "@height": "11.04",
                "#text": "1000"
              }
            },
            {
              "text": {
                "@fontName": "Times",
                "@fontSize": "11.0",
                "@x": "351.60",
                "@y": "241.44",
                "@width": "11.76",
                "@height": "11.04",
                "#text": "юг"
              }
            },
            {
              "text": {
                "@fontName": "Times",
                "@fontSize": "11.0",
                "@x": "426.36",
                "@y": "241.44",
                "@width": "22.32",
                "@height": "11.04",
                "#text": "1500"
              }
            },
            {
              "text": {
                "@fontName": "Times",
                "@fontSize": "11.0",
                "@x": "490.08",
                "@y": "241.44",
                "@width": "19.68",
                "@height": "11.04",
                "#text": "2:25"
              }
            }
          ]
        },
        {
          "column": [
            {
              "text": ""
            },
            {
              "text": ""
            },
            {
              "text": {
                "@fontName": "Arial",
                "@fontSize": "12.0",
                "@color": "#006300",
                "@x": "190.80",
                "@y": "254.64",
                "@width": "72.85",
                "@height": "11.52",
                "#text": "48°02'03.69\"E"
              }
            },
            {
              "text": ""
            },
            {
              "text": ""
            },
            {
              "text": ""
            },
            {
              "text": ""
            }
          ]
        },
        {
          "column": [
            {
              "text": {
                "@fontName": "Times",
                "@fontSize": "11.0",
                "@x": "62.04",
                "@y": "268.80",
                "@width": "18.00",
                "@height": "11.04",
                "#text": "ВАХ"
              }
            },
            {
              "text": {
                "@fontName": "Times",
                "@fontSize": "11.0",
                "@x": "120.72",
                "@y": "268.80",
                "@width": "38.76",
                "@height": "11.04",
                "#text": "Барнаул"
              }
            },
            {
              "text": {
                "@fontName": "Arial",
                "@fontSize": "12.0",
                "@color": "#006300",
                "@x": "190.80",
                "@y": "268.68",
                "@width": "73.43",
                "@height": "11.52",
                "#text": "53°20'34.31\"N"
              }
            },
            {
              "text": {
                "@fontName": "Times",
                "@fontSize": "11.0",
                "@x": "275.04",
                "@y": "268.80",
                "@width": "16.68",
                "@height": "11.04",
                "#text": "500"
              }
            },
            {
              "text": {
                "@fontName": "Times",
                "@fontSize": "11.0",
                "@x": "351.60",
                "@y": "268.80",
                "@width": "30.84",
                "@height": "11.04",
                "#text": "восток"
              }
            },
            {
              "text": {
                "@fontName": "Times",
                "@fontSize": "11.0",
                "@x": "426.36",
                "@y": "268.80",
                "@width": "22.32",
                "@height": "11.04",
                "#text": "3095"
              }
            },
            {
              "text": {
                "@fontName": "Times",
                "@fontSize": "11.0",
                "@x": "490.08",
                "@y": "268.80",
                "@width": "19.68",
                "@height": "11.04",
                "#text": "4:29"
              }
            }
          ]
        },
        {
          "column": [
            {
              "text": ""
            },
            {
              "text": ""
            },
            {
              "text": {
                "@fontName": "Arial",
                "@fontSize": "12.0",
                "@color": "#006300",
                "@x": "190.80",
                "@y": "282.00",
                "@width": "72.85",
                "@height": "11.52",
                "#text": "83°47'09.62\"E"
              }
            },
            {
              "text": ""
            },
            {
              "text": ""
            },
            {
              "text": ""
            },
            {
              "text": ""
            }
          ]
        },
        {
          "column": [
            {
              "text": {
                "@fontName": "Times",
                "@fontSize": "11.0",
                "@x": "62.04",
                "@y": "295.80",
                "@width": "17.16",
                "@height": "11.04",
                "#text": "СЕК"
              }
            },
            {
              "text": {
                "@fontName": "Times",
                "@fontSize": "11.0",
                "@x": "120.72",
                "@y": "295.80",
                "@width": "49.80",
                "@height": "11.04",
                "#text": "Челябинск"
              }
            },
            {
              "text": {
                "@fontName": "Arial",
                "@fontSize": "12.0",
                "@color": "#006300",
                "@x": "190.80",
                "@y": "295.68",
                "@width": "73.43",
                "@height": "11.52",
                "#text": "55°11'13.91\"N"
              }
            },
            {
              "text": {
                "@fontName": "Times",
                "@fontSize": "11.0",
                "@x": "275.04",
                "@y": "295.80",
                "@width": "16.68",
                "@height": "11.04",
                "#text": "700"
              }
            },
            {
              "text": {
                "@fontName": "Times",
                "@fontSize": "11.0",
                "@x": "351.60",
                "@y": "295.80",
                "@width": "30.84",
                "@height": "11.04",
                "#text": "восток"
              }
            },
            {
              "text": {
                "@fontName": "Times",
                "@fontSize": "11.0",
                "@x": "426.36",
                "@y": "295.80",
                "@width": "22.32",
                "@height": "11.04",
                "#text": "1620"
              }
            },
            {
              "text": {
                "@fontName": "Times",
                "@fontSize": "11.0",
                "@x": "490.08",
                "@y": "295.80",
                "@width": "19.68",
                "@height": "11.04",
                "#text": "2:30"
              }
            }
          ]
        },
        {
          "column": [
            {
              "text": ""
            },
            {
              "text": ""
            },
            {
              "text": {
                "@fontName": "Arial",
                "@fontSize": "12.0",
                "@color": "#006300",
                "@x": "190.80",
                "@y": "308.88",
                "@width": "72.85",
                "@height": "11.52",
                "#text": "61°23'45.13\"E"
              }
            },
            {
              "text": ""
            },
            {
              "text": ""
            },
            {
              "text": ""
            },
            {
              "text": ""
            }
          ]
        },
        {
          "column": [
            {
              "text": {
                "@fontName": "Times",
                "@fontSize": "11.0",
                "@x": "62.04",
                "@y": "322.68",
                "@width": "19.56",
                "@height": "11.04",
                "#text": "EGO"
              }
            },
            {
              "text": {
                "@fontName": "Times",
                "@fontSize": "11.0",
                "@x": "120.72",
                "@y": "322.68",
                "@width": "44.28",
                "@height": "11.04",
                "#text": "Белгород"
              }
            },
            {
              "text": {
                "@fontName": "Arial",
                "@fontSize": "12.0",
                "@color": "#006300",
                "@x": "190.80",
                "@y": "322.68",
                "@width": "73.43",
                "@height": "11.52",
                "#text": "50°36'47.32\"N"
              }
            },
            {
              "text": {
                "@fontName": "Times",
                "@fontSize": "11.0",
                "@x": "275.04",
                "@y": "322.68",
                "@width": "16.68",
                "@height": "11.04",
                "#text": "500"
              }
            },
            {
              "text": {
                "@fontName": "Times",
                "@fontSize": "11.0",
                "@x": "351.60",
                "@y": "322.68",
                "@width": "27.00",
                "@height": "11.04",
                "#text": "запад"
              }
            },
            {
              "text": {
                "@fontName": "Times",
                "@fontSize": "11.0",
                "@x": "426.36",
                "@y": "322.68",
                "@width": "16.68",
                "@height": "11.04",
                "#text": "670"
              }
            },
            {
              "text": {
                "@fontName": "Times",
                "@fontSize": "11.0",
                "@x": "490.08",
                "@y": "322.68",
                "@width": "19.68",
                "@height": "11.04",
                "#text": "1:35"
              }
            }
          ]
        },
        {
          "column": [
            {
              "text": ""
            },
            {
              "text": ""
            },
            {
              "text": {
                "@fontName": "Arial",
                "@fontSize": "12.0",
                "@color": "#006300",
                "@x": "190.80",
                "@y": "335.88",
                "@width": "72.96",
                "@height": "11.52",
                "#text": "36°35'06.83\"E"
              }
            },
            {
              "text": ""
            },
            {
              "text": ""
            },
            {
              "text": ""
            },
            {
              "text": ""
            }
          ]
        }
      ]
    }
  }
}